legalization_status,drugs100K_u18,dui100K_u18,total100K_u18,totnodrg100K_u18,drugs100K_all,dui100K_all,total100K_all,totnodrg100K_all,pop_private2017,popperc_private2017
1,25.65125,2.4737500000000003,274.1975,248.5425,292.17124999999993,362.7175,3861.05,3568.881250000001,1367.75,4.25
2,27.860454545454548,1.5386363636363638,310.59363636363634,282.7336363636363,464.5359090909091,286.47045454545463,3692.6009090909088,3228.0654545454545,1721.909090909091,8.318181818181818
3,43.1878947368421,2.882631578947368,370.19894736842105,327.00894736842105,600.7563157894735,366.67947368421056,4463.424736842106,3862.666842105263,2266.25,6.4
