legalization_status,pop_private2017,popperc_private2017
1,1367.75,4.25
2,1721.909090909091,8.318181818181818
3,2266.25,6.4
